{
  "num_samples": 8,
  "constraint_mode": "physical_stat",
  "clean_gate": {
    "clean_loss": 0.06113983690738678,
    "clean_grad_mean_abs": 0.0003955015854444355,
    "clean_grad_max_abs": 0.04807314649224281,
    "clean_grad_finite_rate": 1.0,
    "feature_finite_rate": 1.0,
    "clean_pred_mean": -0.07306969165802002,
    "clean_pred_std": 0.2403554469347,
    "reference_score_mean": -0.01639353111386299,
    "reference_score_std": 0.16342109441757202,
    "spearman_to_reference": 0.7380952380952381,
    "feature_mae_to_reference": 0.03479895740747452,
    "feature_rmse_to_reference": 0.09839708358049393,
    "feature_max_abs_to_reference": 0.5916712284088135
  },
  "clean_gate_thresholds": {
    "min_clean_grad_mean_abs": 1e-06,
    "min_spearman_to_reference": 0.09,
    "max_feature_mae_to_reference": 0.05,
    "max_feature_rmse_to_reference": 0.12,
    "max_feature_max_abs_to_reference": 0.7
  },
  "clean_loss": 0.06113983690738678,
  "fgsm_loss": 0.1690046191215515,
  "pgd_loss": 0.16203252971172333,
  "objective_clean": 0.06113983690738678,
  "objective_fgsm": -4.931708335876465,
  "objective_pgd": 0.07481072843074799,
  "fgsm_adv_success": true,
  "pgd_adv_success": true,
  "fgsm_mean_abs_pred_shift": 0.1762130707502365,
  "pgd_mean_abs_pred_shift": 0.17568615078926086,
  "ret_penalty_fgsm": 4.6570563316345215,
  "ret_penalty_pgd": 0.07151783257722855,
  "candle_penalty_fgsm": 0.8873131275177002,
  "candle_penalty_pgd": 0.03140793740749359,
  "vol_penalty_fgsm": 0.0,
  "vol_penalty_pgd": 0.0,
  "mean_abs_ret_shift_fgsm": 0.01034847367554903,
  "mean_abs_ret_shift_pgd": 0.0038078532088547945,
  "mean_abs_body_shift_fgsm": 0.009672665037214756,
  "mean_abs_body_shift_pgd": 0.0028499227482825518,
  "mean_abs_range_shift_fgsm": 0.004538265056908131,
  "mean_abs_range_shift_pgd": 0.002930097747594118,
  "mean_abs_dlogvol_shift_fgsm": 0.021205514669418335,
  "mean_abs_dlogvol_shift_pgd": 0.02094690501689911,
  "physical_constraints_satisfied_fgsm": true,
  "physical_constraints_satisfied_pgd": true,
  "strict_attack_success_fgsm": false,
  "strict_attack_success_pgd": true,
  "fgsm_usage": {
    "price_ratio_mean": 0.4410696029663086,
    "price_ratio_max": 1.000005841255188,
    "volume_ratio_mean": 1.0,
    "volume_ratio_max": 1.0000028610229492
  },
  "pgd_usage": {
    "price_ratio_mean": 0.24459362030029297,
    "price_ratio_max": 1.0000056028366089,
    "volume_ratio_mean": 0.9066406488418579,
    "volume_ratio_max": 1.0000028610229492
  }
}