{
  "num_samples": 16,
  "constraint_mode": "physical",
  "clean_gate": {
    "clean_loss": 0.0338435061275959,
    "clean_grad_mean_abs": 0.00013060499622952193,
    "clean_grad_max_abs": 0.024036573246121407,
    "clean_grad_finite_rate": 1.0,
    "feature_finite_rate": 1.0,
    "clean_pred_mean": -0.01734333485364914,
    "clean_pred_std": 0.18616312742233276,
    "reference_score_mean": -0.011760994791984558,
    "reference_score_std": 0.13024096190929413,
    "spearman_to_reference": 0.6794117647058824,
    "feature_mae_to_reference": 0.03461292386054993,
    "feature_rmse_to_reference": 0.0984797477722168,
    "feature_max_abs_to_reference": 0.5961592197418213
  },
  "clean_gate_thresholds": {
    "min_clean_grad_mean_abs": 1e-06,
    "min_spearman_to_reference": 0.09,
    "max_feature_mae_to_reference": 0.05,
    "max_feature_rmse_to_reference": 0.12,
    "max_feature_max_abs_to_reference": 0.7
  },
  "clean_loss": 0.0338435098528862,
  "fgsm_loss": 0.10416337847709656,
  "pgd_loss": 0.14425639808177948,
  "objective_clean": 0.0338435098528862,
  "objective_fgsm": 0.10416337847709656,
  "objective_pgd": 0.14425639808177948,
  "fgsm_adv_success": true,
  "pgd_adv_success": true,
  "fgsm_mean_abs_pred_shift": 0.1444057822227478,
  "pgd_mean_abs_pred_shift": 0.20146560668945312,
  "ret_penalty_fgsm": 0.0,
  "ret_penalty_pgd": 0.0,
  "candle_penalty_fgsm": 0.0,
  "candle_penalty_pgd": 0.0,
  "vol_penalty_fgsm": 0.0,
  "vol_penalty_pgd": 0.0,
  "mean_abs_ret_shift_fgsm": 0.010838995687663555,
  "mean_abs_ret_shift_pgd": 0.009324749000370502,
  "mean_abs_body_shift_fgsm": 0.009624471887946129,
  "mean_abs_body_shift_pgd": 0.008014584891498089,
  "mean_abs_range_shift_fgsm": 0.004387767519801855,
  "mean_abs_range_shift_pgd": 0.00395575724542141,
  "mean_abs_dlogvol_shift_fgsm": 0.021616969257593155,
  "mean_abs_dlogvol_shift_pgd": 0.02012588642537594,
  "physical_constraints_satisfied_fgsm": true,
  "physical_constraints_satisfied_pgd": true,
  "strict_attack_success_fgsm": true,
  "strict_attack_success_pgd": true,
  "fgsm_usage": {
    "price_ratio_mean": 0.4398673176765442,
    "price_ratio_max": 1.000005841255188,
    "volume_ratio_mean": 1.0,
    "volume_ratio_max": 1.0000029802322388
  },
  "pgd_usage": {
    "price_ratio_mean": 0.3642253875732422,
    "price_ratio_max": 1.000005841255188,
    "volume_ratio_mean": 0.8324217796325684,
    "volume_ratio_max": 1.0000028610229492
  }
}