{
  "model_name": "tcn",
  "config_path": "/home/chainsmoker/qlib_test/.worktrees/multi-model-whitebox-attack/origin_model_pred/TCN/model/model_config.json",
  "state_dict_path": "/home/chainsmoker/qlib_test/origin_model_pred/TCN/model/tcn_state_dict.pt",
  "asset_dir": "/home/chainsmoker/qlib_test/.worktrees/multi-model-whitebox-attack/artifacts/tcn_probe_assets",
  "sample_count": 124,
  "price_epsilon": 0.01,
  "volume_epsilon": 0.02,
  "price_floor": 1e-06,
  "volume_floor": 1.0,
  "pgd_steps": 5,
  "pgd_step_size": 0.25,
  "clean_gate": {
    "clean_loss": 0.024400858208537102,
    "clean_grad_mean_abs": 2.041333391389344e-05,
    "clean_grad_max_abs": 0.009321478195488453,
    "clean_grad_finite_rate": 1.0,
    "feature_finite_rate": 1.0,
    "clean_pred_mean": -0.059845879673957825,
    "clean_pred_std": 0.14014248549938202,
    "reference_score_mean": -0.06520107388496399,
    "reference_score_std": 0.14225763082504272,
    "spearman_to_reference": 0.9922958300550746,
    "feature_mae_to_reference": 0.034121543169021606,
    "feature_rmse_to_reference": 0.09709380567073822,
    "feature_max_abs_to_reference": 0.6123437881469727
  },
  "clean_gate_thresholds": {
    "min_clean_grad_mean_abs": 1e-06,
    "min_spearman_to_reference": 0.09,
    "max_feature_mae_to_reference": 0.05,
    "max_feature_rmse_to_reference": 0.12,
    "max_feature_max_abs_to_reference": 0.7
  },
  "clean_loss": 0.024400858208537102,
  "fgsm_loss": 0.057215895503759384,
  "pgd_loss": 0.13069626688957214,
  "fgsm_usage": {
    "price_ratio_mean": 0.4326612949371338,
    "price_ratio_max": 1.000005841255188,
    "volume_ratio_mean": 0.9951612949371338,
    "volume_ratio_max": 1.0000029802322388
  },
  "pgd_usage": {
    "price_ratio_mean": 0.2627331018447876,
    "price_ratio_max": 1.000005841255188,
    "volume_ratio_mean": 0.71086186170578,
    "volume_ratio_max": 1.0000029802322388
  }
}