{
  "num_samples": 3967,
  "constraint_mode": "physical_stat",
  "clean_gate": {
    "clean_loss": 0.011583300307393074,
    "clean_grad_mean_abs": 3.3796479215197905e-07,
    "clean_grad_max_abs": 0.0004456042079254985,
    "clean_grad_finite_rate": 1.0,
    "feature_finite_rate": 1.0,
    "clean_pred_mean": 0.02257852628827095,
    "clean_pred_std": 0.10150653123855591,
    "reference_score_mean": 0.02507912926375866,
    "reference_score_std": 0.09472471475601196,
    "spearman_to_reference": 0.9958892536396685,
    "feature_mae_to_reference": 0.03511426970362663,
    "feature_rmse_to_reference": 0.09940601885318756,
    "feature_max_abs_to_reference": 0.6124944686889648
  },
  "clean_gate_thresholds": {
    "min_clean_grad_mean_abs": 2.5e-07,
    "min_spearman_to_reference": 0.09,
    "max_feature_mae_to_reference": 0.05,
    "max_feature_rmse_to_reference": 0.12,
    "max_feature_max_abs_to_reference": 0.7
  },
  "clean_loss": 0.011583300307393074,
  "fgsm_loss": 0.07790899276733398,
  "pgd_loss": 0.08069761097431183,
  "objective_clean": 0.011583300307393074,
  "objective_fgsm": -4.208673000335693,
  "objective_pgd": 0.0242144875228405,
  "fgsm_adv_success": true,
  "pgd_adv_success": true,
  "fgsm_mean_abs_pred_shift": 0.15551739931106567,
  "pgd_mean_abs_pred_shift": 0.16172786056995392,
  "ret_penalty_fgsm": 4.897589206695557,
  "ret_penalty_pgd": 0.0558742880821228,
  "candle_penalty_fgsm": 0.9212767481803894,
  "candle_penalty_pgd": 0.029459234327077866,
  "vol_penalty_fgsm": 0.0,
  "vol_penalty_pgd": 0.0,
  "mean_abs_ret_shift_fgsm": 0.010882962495088577,
  "mean_abs_ret_shift_pgd": 0.0037137349136173725,
  "mean_abs_body_shift_fgsm": 0.009743242524564266,
  "mean_abs_body_shift_pgd": 0.002797512337565422,
  "mean_abs_range_shift_fgsm": 0.004507851786911488,
  "mean_abs_range_shift_pgd": 0.0028362057637423277,
  "mean_abs_dlogvol_shift_fgsm": 0.020060161128640175,
  "mean_abs_dlogvol_shift_pgd": 0.019204450771212578,
  "physical_constraints_satisfied_fgsm": true,
  "physical_constraints_satisfied_pgd": true,
  "strict_attack_success_fgsm": false,
  "strict_attack_success_pgd": true,
  "fgsm_usage": {
    "price_ratio_mean": 0.44777727127075195,
    "price_ratio_max": 1.000005841255188,
    "volume_ratio_mean": 0.9999432563781738,
    "volume_ratio_max": 1.0000029802322388
  },
  "pgd_usage": {
    "price_ratio_mean": 0.25007474422454834,
    "price_ratio_max": 1.000005841255188,
    "volume_ratio_mean": 0.862652063369751,
    "volume_ratio_max": 1.0000029802322388
  }
}