{
  "generation": {
    "selected_count": 52391,
    "selected_ratio": 0.050081396249176714,
    "selected_available_count": 50887,
    "selected_missing_count": 1504,
    "attackable_count": 50887,
    "attackable_ratio": 0.048643698553794655,
    "failed_keys": [],
    "failure_reasons": {},
    "constraint_mode": "physical_stat",
    "tau_ret": 0.005,
    "tau_body": 0.005,
    "tau_range": 0.01,
    "tau_vol": 0.05,
    "lambda_ret": 0.8,
    "lambda_candle": 0.4,
    "lambda_vol": 0.3
  },
  "groups": {
    "reference_clean": {
      "annualized_excess_return_without_cost": 0.404298077072952,
      "annualized_excess_return_with_cost": 0.3558367573201775,
      "information_ratio_without_cost": 3.0144396210451583,
      "information_ratio_with_cost": 2.6534604663777053,
      "max_drawdown_without_cost": -0.05866816371248701,
      "max_drawdown_with_cost": -0.0693081838537013,
      "ic_mean": 0.031557804056617685,
      "icir": 0.26989871960051337,
      "rank_ic_mean": 0.0753396735420719,
      "rank_icir": 0.5812465221029594
    },
    "partial_clean": {
      "annualized_excess_return_without_cost": 0.4233777094243461,
      "annualized_excess_return_with_cost": 0.37494553912894335,
      "information_ratio_without_cost": 3.1291076334825823,
      "information_ratio_with_cost": 2.7715347932926035,
      "max_drawdown_without_cost": -0.0530040175286281,
      "max_drawdown_with_cost": -0.06112518417933693,
      "ic_mean": 0.03155128659751312,
      "icir": 0.2697142145148989,
      "rank_ic_mean": 0.07534356046054519,
      "rank_icir": 0.5812684032400096
    },
    "partial_fgsm": {
      "annualized_excess_return_without_cost": 0.40358347025652413,
      "annualized_excess_return_with_cost": 0.35530934189803526,
      "information_ratio_without_cost": 3.1970415579508664,
      "information_ratio_with_cost": 2.814950692692801,
      "max_drawdown_without_cost": -0.06143034113574808,
      "max_drawdown_with_cost": -0.06878076637752084,
      "ic_mean": 0.015479906625845813,
      "icir": 0.14292423988447414,
      "rank_ic_mean": 0.063976985990896,
      "rank_icir": 0.5054220114664183
    },
    "partial_pgd": {
      "annualized_excess_return_without_cost": 0.26757148109909323,
      "annualized_excess_return_with_cost": 0.21931309892945852,
      "information_ratio_without_cost": 2.111906157697679,
      "information_ratio_with_cost": 1.7310796507440978,
      "max_drawdown_without_cost": -0.09081214830701556,
      "max_drawdown_with_cost": -0.0981698724803185,
      "ic_mean": 0.015242683996299845,
      "icir": 0.1409080356323819,
      "rank_ic_mean": 0.06422904866777757,
      "rank_icir": 0.5065313295445338
    }
  },
  "comparison": {
    "reference_clean": {
      "annualized_excess_return_with_cost": 0.3558367573201775,
      "annualized_excess_return_without_cost": 0.404298077072952,
      "ic_mean": 0.031557804056617685,
      "icir": 0.26989871960051337,
      "information_ratio_with_cost": 2.6534604663777053,
      "information_ratio_without_cost": 3.0144396210451583,
      "max_drawdown_with_cost": -0.0693081838537013,
      "max_drawdown_without_cost": -0.05866816371248701,
      "rank_ic_mean": 0.0753396735420719,
      "rank_icir": 0.5812465221029594
    },
    "partial_clean": {
      "annualized_excess_return_with_cost": 0.37494553912894335,
      "annualized_excess_return_without_cost": 0.4233777094243461,
      "ic_mean": 0.03155128659751312,
      "icir": 0.2697142145148989,
      "information_ratio_with_cost": 2.7715347932926035,
      "information_ratio_without_cost": 3.1291076334825823,
      "max_drawdown_with_cost": -0.06112518417933693,
      "max_drawdown_without_cost": -0.0530040175286281,
      "rank_ic_mean": 0.07534356046054519,
      "rank_icir": 0.5812684032400096
    },
    "partial_fgsm": {
      "annualized_excess_return_with_cost": 0.35530934189803526,
      "annualized_excess_return_without_cost": 0.40358347025652413,
      "ic_mean": 0.015479906625845813,
      "icir": 0.14292423988447414,
      "information_ratio_with_cost": 2.814950692692801,
      "information_ratio_without_cost": 3.1970415579508664,
      "max_drawdown_with_cost": -0.06878076637752084,
      "max_drawdown_without_cost": -0.06143034113574808,
      "rank_ic_mean": 0.063976985990896,
      "rank_icir": 0.5054220114664183
    },
    "partial_pgd": {
      "annualized_excess_return_with_cost": 0.21931309892945852,
      "annualized_excess_return_without_cost": 0.26757148109909323,
      "ic_mean": 0.015242683996299845,
      "icir": 0.1409080356323819,
      "information_ratio_with_cost": 1.7310796507440978,
      "information_ratio_without_cost": 2.111906157697679,
      "max_drawdown_with_cost": -0.0981698724803185,
      "max_drawdown_without_cost": -0.09081214830701556,
      "rank_ic_mean": 0.06422904866777757,
      "rank_icir": 0.5065313295445338
    },
    "partial_clean_minus_reference_clean": {
      "annualized_excess_return_with_cost": 0.01910878180876585,
      "annualized_excess_return_without_cost": 0.019079632351394094,
      "ic_mean": -6.517459104564416e-06,
      "icir": -0.00018450508561446144,
      "information_ratio_with_cost": 0.11807432691489828,
      "information_ratio_without_cost": 0.11466801243742397,
      "max_drawdown_with_cost": 0.008182999674364366,
      "max_drawdown_without_cost": 0.005664146183858909,
      "rank_ic_mean": 3.886918473292034e-06,
      "rank_icir": 2.18811370502614e-05
    },
    "partial_fgsm_minus_partial_clean": {
      "annualized_excess_return_with_cost": -0.019636197230908092,
      "annualized_excess_return_without_cost": -0.01979423916782197,
      "ic_mean": -0.016071379971667306,
      "icir": -0.12678997463042477,
      "information_ratio_with_cost": 0.04341589940019741,
      "information_ratio_without_cost": 0.06793392446828417,
      "max_drawdown_with_cost": -0.007655582198183908,
      "max_drawdown_without_cost": -0.008426323607119979,
      "rank_ic_mean": -0.011366574469649185,
      "rank_icir": -0.07584639177359132
    },
    "partial_pgd_minus_partial_clean": {
      "annualized_excess_return_with_cost": -0.15563244019948483,
      "annualized_excess_return_without_cost": -0.15580622832525287,
      "ic_mean": -0.016308602601213276,
      "icir": -0.128806178882517,
      "information_ratio_with_cost": -1.0404551425485058,
      "information_ratio_without_cost": -1.017201475784903,
      "max_drawdown_with_cost": -0.037044688300981565,
      "max_drawdown_without_cost": -0.03780813077838746,
      "rank_ic_mean": -0.011114511792767623,
      "rank_icir": -0.07473707369547578
    }
  },
  "backtest_config": {
    "executor": {
      "class": "SimulatorExecutor",
      "module_path": "qlib.backtest.executor",
      "kwargs": {
        "time_per_step": "day",
        "generate_portfolio_metrics": true
      }
    },
    "strategy": {
      "class": "TopkDropoutStrategy",
      "module_path": "qlib.contrib.strategy.signal_strategy",
      "kwargs": {
        "topk": 50,
        "n_drop": 5
      }
    },
    "backtest": {
      "start_time": "2025-01-02",
      "end_time": "2025-11-03",
      "account": 100000000.0,
      "benchmark": "SH000300",
      "exchange_kwargs": {
        "freq": "day",
        "limit_threshold": 0.095,
        "deal_price": "close",
        "open_cost": 0.0005,
        "close_cost": 0.0015,
        "min_cost": 5.0
      }
    }
  }
}