,annualized_excess_return_with_cost,annualized_excess_return_without_cost,ic_mean,icir,information_ratio_with_cost,information_ratio_without_cost,max_drawdown_with_cost,max_drawdown_without_cost,rank_ic_mean,rank_icir
reference_clean,0.3558367573201775,0.404298077072952,0.031557804056617685,0.26989871960051337,2.6534604663777053,3.0144396210451583,-0.0693081838537013,-0.05866816371248701,0.0753396735420719,0.5812465221029594
partial_clean,0.37494553912894335,0.4233777094243461,0.03155128659751312,0.2697142145148989,2.7715347932926035,3.1291076334825823,-0.06112518417933693,-0.0530040175286281,0.07534356046054519,0.5812684032400096
partial_fgsm,0.35530934189803526,0.40358347025652413,0.015479906625845813,0.14292423988447414,2.814950692692801,3.1970415579508664,-0.06878076637752084,-0.06143034113574808,0.063976985990896,0.5054220114664183
partial_pgd,0.21931309892945852,0.26757148109909323,0.015242683996299845,0.1409080356323819,1.7310796507440978,2.111906157697679,-0.0981698724803185,-0.09081214830701556,0.06422904866777757,0.5065313295445338
partial_clean_minus_reference_clean,0.01910878180876585,0.019079632351394094,-6.517459104564416e-06,-0.00018450508561446144,0.11807432691489828,0.11466801243742397,0.008182999674364366,0.005664146183858909,3.886918473292034e-06,2.18811370502614e-05
partial_fgsm_minus_partial_clean,-0.019636197230908092,-0.01979423916782197,-0.016071379971667306,-0.12678997463042477,0.04341589940019741,0.06793392446828417,-0.007655582198183908,-0.008426323607119979,-0.011366574469649185,-0.07584639177359132
partial_pgd_minus_partial_clean,-0.15563244019948483,-0.15580622832525287,-0.016308602601213276,-0.128806178882517,-1.0404551425485058,-1.017201475784903,-0.037044688300981565,-0.03780813077838746,-0.011114511792767623,-0.07473707369547578
