,annualized_excess_return_with_cost,annualized_excess_return_without_cost,ic_mean,icir,information_ratio_with_cost,information_ratio_without_cost,max_drawdown_with_cost,max_drawdown_without_cost,rank_ic_mean,rank_icir
reference_clean,0.37858373034478554,0.4262082252290619,0.03327006410407698,0.29602527840981285,2.7772569627550356,3.126145173152131,-0.09231016208032033,-0.08422901596918159,0.071964566111338,0.5556084177300341
partial_clean,0.38335518305113325,0.4308121255538709,0.033175543549700065,0.2942311173395772,2.8666489073043353,3.221187328547231,-0.0932320665816948,-0.0849968787347608,0.07200721786247624,0.5550238898396758
partial_fgsm,0.10333266619731009,0.15138753603795754,0.01536879817022267,0.15024119644467232,0.8911896144995981,1.3058257601614944,-0.14324567286098197,-0.1358445043735837,0.05901900090695281,0.4630553865959125
partial_pgd,-0.014962706800120785,0.032890123085356854,0.007556816417667386,0.08315332685488921,-0.12914877188512766,0.2839195630970301,-0.1538094271052532,-0.1394413379155386,0.057629478311671055,0.4537896286356897
partial_clean_minus_reference_clean,0.004771452706347712,0.004603900324809007,-9.452055437691315e-05,-0.001794161070235667,0.08939194454929966,0.09504215539510019,-0.0009219045013744709,-0.0007678627655792192,4.26517511382396e-05,-0.000584527890358344
partial_fgsm_minus_partial_clean,-0.2800225168538232,-0.2794245895159133,-0.017806745379477393,-0.14398992089490487,-1.9754592928047372,-1.9153615683857368,-0.050013606279287165,-0.05084762563882289,-0.012988216955523435,-0.09196850324376327
partial_pgd_minus_partial_clean,-0.39831788985125405,-0.39792200246851406,-0.025618727132032677,-0.21107779048468797,-2.995797679189463,-2.9372677654502013,-0.06057736052355839,-0.05444445918077778,-0.014377739550805187,-0.10123426120398604
