{
  "model_name": "transformer",
  "config_path": "/home/chainsmoker/qlib_test/.worktrees/multi-model-whitebox-attack/origin_model_pred/Transformer/model/model_config.json",
  "state_dict_path": "/home/chainsmoker/qlib_test/origin_model_pred/Transformer/model/transformer_state_dict.pt",
  "asset_dir": "/home/chainsmoker/qlib_test/.worktrees/multi-model-whitebox-attack/artifacts/transformer_probe_assets",
  "sample_count": 62,
  "price_epsilon": 0.01,
  "volume_epsilon": 0.02,
  "price_floor": 1e-06,
  "volume_floor": 1.0,
  "pgd_steps": 5,
  "pgd_step_size": 0.25,
  "clean_gate": {
    "clean_loss": 0.007852738723158836,
    "clean_grad_mean_abs": 1.3928983207733836e-05,
    "clean_grad_max_abs": 0.004051797091960907,
    "clean_grad_finite_rate": 1.0,
    "feature_finite_rate": 1.0,
    "clean_pred_mean": 0.034018319100141525,
    "clean_pred_std": 0.07487218081951141,
    "reference_score_mean": 0.03565222769975662,
    "reference_score_std": 0.07361043244600296,
    "spearman_to_reference": 0.9962730729520789,
    "feature_mae_to_reference": 0.034922510385513306,
    "feature_rmse_to_reference": 0.09917979687452316,
    "feature_max_abs_to_reference": 0.6099975109100342
  },
  "clean_gate_thresholds": {
    "min_clean_grad_mean_abs": 1e-06,
    "min_spearman_to_reference": 0.09,
    "max_feature_mae_to_reference": 0.05,
    "max_feature_rmse_to_reference": 0.12,
    "max_feature_max_abs_to_reference": 0.7
  },
  "clean_loss": 0.007852738723158836,
  "fgsm_loss": 0.040459468960762024,
  "pgd_loss": 0.05268247425556183,
  "fgsm_usage": {
    "price_ratio_mean": 0.4330645799636841,
    "price_ratio_max": 1.000005841255188,
    "volume_ratio_mean": 0.9997983574867249,
    "volume_ratio_max": 1.0000029802322388
  },
  "pgd_usage": {
    "price_ratio_mean": 0.36015623807907104,
    "price_ratio_max": 1.000005841255188,
    "volume_ratio_mean": 0.8596270084381104,
    "volume_ratio_max": 1.0000029802322388
  }
}