{
  "num_samples": 1978,
  "constraint_mode": "physical_stat",
  "clean_gate": {
    "clean_loss": 0.011838152073323727,
    "clean_grad_mean_abs": 6.937172543075576e-07,
    "clean_grad_max_abs": 0.0008936866652220488,
    "clean_grad_finite_rate": 1.0,
    "feature_finite_rate": 1.0,
    "clean_pred_mean": 0.02355080470442772,
    "clean_pred_std": 0.10130041092634201,
    "reference_score_mean": 0.026046067476272583,
    "reference_score_std": 0.09465230256319046,
    "spearman_to_reference": 0.9957710904032131,
    "feature_mae_to_reference": 0.03507981821894646,
    "feature_rmse_to_reference": 0.09930852055549622,
    "feature_max_abs_to_reference": 0.6124944686889648
  },
  "clean_gate_thresholds": {
    "min_clean_grad_mean_abs": 5e-07,
    "min_spearman_to_reference": 0.09,
    "max_feature_mae_to_reference": 0.05,
    "max_feature_rmse_to_reference": 0.12,
    "max_feature_max_abs_to_reference": 0.7
  },
  "clean_loss": 0.011838152073323727,
  "fgsm_loss": 0.07900919020175934,
  "pgd_loss": 0.08232288807630539,
  "objective_clean": 0.011838152073323727,
  "objective_fgsm": -4.213405132293701,
  "objective_pgd": 0.026520617306232452,
  "fgsm_adv_success": true,
  "pgd_adv_success": true,
  "fgsm_mean_abs_pred_shift": 0.15582028031349182,
  "pgd_mean_abs_pred_shift": 0.16288340091705322,
  "ret_penalty_fgsm": 4.905620574951172,
  "ret_penalty_pgd": 0.05509018152952194,
  "candle_penalty_fgsm": 0.9197945594787598,
  "candle_penalty_pgd": 0.02932530827820301,
  "vol_penalty_fgsm": 0.0,
  "vol_penalty_pgd": 0.0,
  "mean_abs_ret_shift_fgsm": 0.010900808498263359,
  "mean_abs_ret_shift_pgd": 0.0037084140349179506,
  "mean_abs_body_shift_fgsm": 0.009738209657371044,
  "mean_abs_body_shift_pgd": 0.0028007994405925274,
  "mean_abs_range_shift_fgsm": 0.004505730699747801,
  "mean_abs_range_shift_pgd": 0.0028367647901177406,
  "mean_abs_dlogvol_shift_fgsm": 0.02008630521595478,
  "mean_abs_dlogvol_shift_pgd": 0.01921140030026436,
  "physical_constraints_satisfied_fgsm": true,
  "physical_constraints_satisfied_pgd": true,
  "strict_attack_success_fgsm": false,
  "strict_attack_success_pgd": true,
  "fgsm_usage": {
    "price_ratio_mean": 0.44809070229530334,
    "price_ratio_max": 1.000005841255188,
    "volume_ratio_mean": 0.9999305009841919,
    "volume_ratio_max": 1.0000029802322388
  },
  "pgd_usage": {
    "price_ratio_mean": 0.24994470179080963,
    "price_ratio_max": 1.000005841255188,
    "volume_ratio_mean": 0.8628254532814026,
    "volume_ratio_max": 1.0000029802322388
  }
}