,annualized_excess_return_with_cost,annualized_excess_return_without_cost,ic_mean,icir,information_ratio_with_cost,information_ratio_without_cost,max_drawdown_with_cost,max_drawdown_without_cost,rank_ic_mean,rank_icir
reference_clean,0.35583675732017767,0.4042980770729523,0.031557804056617685,0.26989871960051337,2.6534604663777013,3.0144396210451543,-0.06930818385370136,-0.05866816371248723,0.0753396735420719,0.5812465221029594
partial_clean,0.359028283238322,0.4074273269272625,0.03158059246253795,0.2698820170110572,2.6858362222913064,3.0475380841911845,-0.06808604020614661,-0.06057193537044153,0.07531454071520083,0.5806630231252172
partial_fgsm,0.4190270356697687,0.46722113411295424,0.01621960002849549,0.14883903886274608,3.252159305546087,3.6259848375741806,-0.0746192447862673,-0.07178268178361347,0.06388896524180387,0.5025514982960373
partial_pgd,0.31311437851825996,0.36131901199525696,0.015960218753794518,0.1466782249534708,2.4700191628726977,2.8504277739879065,-0.09264255147638467,-0.08533238486277062,0.064102070851694,0.5034357313849596
partial_clean_minus_reference_clean,0.003191525918144311,0.0031292498543102343,2.278840592026543e-05,-1.6702589456185635e-05,0.03237575591360509,0.033098463146030266,0.001222143647554741,-0.0019037716579543007,-2.513282687106877e-05,-0.0005834989777421251
partial_fgsm_minus_partial_clean,0.0599987524314467,0.059793807185691716,-0.015360992434042459,-0.12104297814831111,0.5663230832547805,0.578446753382996,-0.006533204580120688,-0.011210746413171935,-0.011425575473396954,-0.07811152482917993
partial_pgd_minus_partial_clean,-0.045913904720062015,-0.04610831493200557,-0.015620373708743432,-0.12320379205758639,-0.21581705941860863,-0.19711031020327807,-0.024556511270238057,-0.024760449492329084,-0.011212469863506824,-0.07722729174025766
