{
  "num_samples": 497,
  "constraint_mode": "physical_stat",
  "clean_gate": {
    "clean_loss": 0.011870250105857849,
    "clean_grad_mean_abs": 2.8441611448215554e-06,
    "clean_grad_max_abs": 0.0035567637532949448,
    "clean_grad_finite_rate": 1.0,
    "feature_finite_rate": 1.0,
    "clean_pred_mean": 0.022357281297445297,
    "clean_pred_std": 0.10174353420734406,
    "reference_score_mean": 0.02535361796617508,
    "reference_score_std": 0.09550097584724426,
    "spearman_to_reference": 0.9960255117959996,
    "feature_mae_to_reference": 0.03524453938007355,
    "feature_rmse_to_reference": 0.09982132166624069,
    "feature_max_abs_to_reference": 0.6124944686889648
  },
  "clean_gate_thresholds": {
    "min_clean_grad_mean_abs": 1e-06,
    "min_spearman_to_reference": 0.09,
    "max_feature_mae_to_reference": 0.05,
    "max_feature_rmse_to_reference": 0.12,
    "max_feature_max_abs_to_reference": 0.7
  },
  "clean_loss": 0.011870250105857849,
  "fgsm_loss": 0.08354074507951736,
  "pgd_loss": 0.0847196951508522,
  "objective_clean": 0.011870250105857849,
  "objective_fgsm": -4.208041667938232,
  "objective_pgd": 0.02760162204504013,
  "fgsm_adv_success": true,
  "pgd_adv_success": true,
  "fgsm_mean_abs_pred_shift": 0.16284191608428955,
  "pgd_mean_abs_pred_shift": 0.16639502346515656,
  "ret_penalty_fgsm": 4.905358791351318,
  "ret_penalty_pgd": 0.05650637671351433,
  "candle_penalty_fgsm": 0.9182385802268982,
  "candle_penalty_pgd": 0.029782429337501526,
  "vol_penalty_fgsm": 0.0,
  "vol_penalty_pgd": 0.0,
  "mean_abs_ret_shift_fgsm": 0.010900228284299374,
  "mean_abs_ret_shift_pgd": 0.0037165689282119274,
  "mean_abs_body_shift_fgsm": 0.009735398925840855,
  "mean_abs_body_shift_pgd": 0.002797785447910428,
  "mean_abs_range_shift_fgsm": 0.00449115876108408,
  "mean_abs_range_shift_pgd": 0.0028439215384423733,
  "mean_abs_dlogvol_shift_fgsm": 0.02033143863081932,
  "mean_abs_dlogvol_shift_pgd": 0.01949717476963997,
  "physical_constraints_satisfied_fgsm": true,
  "physical_constraints_satisfied_pgd": true,
  "strict_attack_success_fgsm": false,
  "strict_attack_success_pgd": true,
  "fgsm_usage": {
    "price_ratio_mean": 0.4474515914916992,
    "price_ratio_max": 1.000005841255188,
    "volume_ratio_mean": 0.9999496936798096,
    "volume_ratio_max": 1.0000029802322388
  },
  "pgd_usage": {
    "price_ratio_mean": 0.2499842345714569,
    "price_ratio_max": 1.000005841255188,
    "volume_ratio_mean": 0.8612424731254578,
    "volume_ratio_max": 1.0000029802322388
  }
}