{
  "num_samples": 62,
  "constraint_mode": "physical_stat",
  "clean_gate": {
    "clean_loss": 0.019814487546682358,
    "clean_grad_mean_abs": 2.4634349756524898e-05,
    "clean_grad_max_abs": 0.006202983669936657,
    "clean_grad_finite_rate": 1.0,
    "feature_finite_rate": 1.0,
    "clean_pred_mean": 0.0012928687501698732,
    "clean_pred_std": 0.14562222361564636,
    "reference_score_mean": -0.004523769486695528,
    "reference_score_std": 0.12685269117355347,
    "spearman_to_reference": 0.8074085266047191,
    "feature_mae_to_reference": 0.034524187445640564,
    "feature_rmse_to_reference": 0.09823775291442871,
    "feature_max_abs_to_reference": 0.6087703704833984
  },
  "clean_gate_thresholds": {
    "min_clean_grad_mean_abs": 1e-06,
    "min_spearman_to_reference": 0.09,
    "max_feature_mae_to_reference": 0.05,
    "max_feature_rmse_to_reference": 0.12,
    "max_feature_max_abs_to_reference": 0.7
  },
  "clean_loss": 0.01981448568403721,
  "fgsm_loss": 0.07786596566438675,
  "pgd_loss": 0.08002781122922897,
  "objective_clean": 0.01981448568403721,
  "objective_fgsm": -4.298171520233154,
  "objective_pgd": 0.02754291519522667,
  "fgsm_adv_success": true,
  "pgd_adv_success": true,
  "fgsm_mean_abs_pred_shift": 0.13526128232479095,
  "pgd_mean_abs_pred_shift": 0.1390899270772934,
  "ret_penalty_fgsm": 5.02780294418335,
  "ret_penalty_pgd": 0.052664995193481445,
  "candle_penalty_fgsm": 0.8844873309135437,
  "candle_penalty_pgd": 0.02588224783539772,
  "vol_penalty_fgsm": 0.0,
  "vol_penalty_pgd": 0.0,
  "mean_abs_ret_shift_fgsm": 0.011172312311828136,
  "mean_abs_ret_shift_pgd": 0.003691541263833642,
  "mean_abs_body_shift_fgsm": 0.009616455063223839,
  "mean_abs_body_shift_pgd": 0.002683712635189295,
  "mean_abs_range_shift_fgsm": 0.004478947725147009,
  "mean_abs_range_shift_pgd": 0.0027593276463449,
  "mean_abs_dlogvol_shift_fgsm": 0.02034589648246765,
  "mean_abs_dlogvol_shift_pgd": 0.019586432725191116,
  "physical_constraints_satisfied_fgsm": true,
  "physical_constraints_satisfied_pgd": true,
  "strict_attack_success_fgsm": false,
  "strict_attack_success_pgd": true,
  "fgsm_usage": {
    "price_ratio_mean": 0.444589763879776,
    "price_ratio_max": 1.000005841255188,
    "volume_ratio_mean": 1.0,
    "volume_ratio_max": 1.0000029802322388
  },
  "pgd_usage": {
    "price_ratio_mean": 0.2442036271095276,
    "price_ratio_max": 1.000005841255188,
    "volume_ratio_mean": 0.8686996102333069,
    "volume_ratio_max": 1.0000029802322388
  }
}