,annualized_excess_return_with_cost,annualized_excess_return_without_cost,ic_mean,icir,information_ratio_with_cost,information_ratio_without_cost,max_drawdown_with_cost,max_drawdown_without_cost,rank_ic_mean,rank_icir
reference_clean,0.3558367573201772,0.40429807707295184,0.031557804056617685,0.26989871960051337,2.653460466377696,3.0144396210451494,-0.06930818385370086,-0.0586681637124869,0.0753396735420719,0.5812465221029594
partial_clean,0.35206136242731234,0.4005264986207803,0.031637528683673886,0.27031067191855435,2.5905715522486985,2.946728572560396,-0.0721160117463493,-0.06349221064285909,0.0753482507707909,0.5811792620855442
partial_fgsm,0.3691078055604902,0.4175958476955866,0.016252799630459905,0.14889530879954324,2.7643817561360318,3.127363348681528,-0.08543400068583828,-0.07807874704077694,0.06395905442405639,0.503818893185131
partial_pgd,0.2753953029271193,0.32334754095938395,0.016232672424438276,0.1491052317108735,2.19144847761673,2.5730175977825454,-0.07628703712278398,-0.06897199883807412,0.06425050794576259,0.5054830663301368
partial_clean_minus_reference_clean,-0.0037753948928648806,-0.00377157845217152,7.972462705620187e-05,0.00041195231804097565,-0.06288891412899744,-0.06771104848475318,-0.00280782789264844,-0.0048240469303721945,8.577228718997798e-06,-6.726001741519383e-05
partial_fgsm_minus_partial_clean,0.01704644313317788,0.017069349074806284,-0.015384729053213982,-0.1214153631190111,0.17381020388733326,0.18063477612113177,-0.01331798893948899,-0.014586536397917849,-0.011389196346734506,-0.0773603689004132
partial_pgd_minus_partial_clean,-0.07666605950019306,-0.07717895766139637,-0.01540485625923561,-0.12120544020768084,-0.3991230746319685,-0.37371097477785087,-0.004171025376434684,-0.005479788195215024,-0.011097742825028303,-0.07569619575540731
