{
  "num_samples": 32,
  "constraint_mode": "physical_stat",
  "clean_gate": {
    "clean_loss": 0.025373360142111778,
    "clean_grad_mean_abs": 5.392412276705727e-05,
    "clean_grad_max_abs": 0.012018286623060703,
    "clean_grad_finite_rate": 1.0,
    "feature_finite_rate": 1.0,
    "clean_pred_mean": -0.004818758461624384,
    "clean_pred_std": 0.16267776489257812,
    "reference_score_mean": -0.007395398803055286,
    "reference_score_std": 0.12225867062807083,
    "spearman_to_reference": 0.8057184750733137,
    "feature_mae_to_reference": 0.0351700559258461,
    "feature_rmse_to_reference": 0.10017533600330353,
    "feature_max_abs_to_reference": 0.6011984348297119
  },
  "clean_gate_thresholds": {
    "min_clean_grad_mean_abs": 1e-06,
    "min_spearman_to_reference": 0.09,
    "max_feature_mae_to_reference": 0.05,
    "max_feature_rmse_to_reference": 0.12,
    "max_feature_max_abs_to_reference": 0.7
  },
  "clean_loss": 0.025373362004756927,
  "fgsm_loss": 0.09548258036375046,
  "pgd_loss": 0.0988481193780899,
  "objective_clean": 0.025373362004756927,
  "objective_fgsm": -4.217375755310059,
  "objective_pgd": 0.03786225616931915,
  "fgsm_adv_success": true,
  "pgd_adv_success": true,
  "fgsm_mean_abs_pred_shift": 0.1491999328136444,
  "pgd_mean_abs_pred_shift": 0.15476542711257935,
  "ret_penalty_fgsm": 4.941892623901367,
  "ret_penalty_pgd": 0.0631965696811676,
  "candle_penalty_fgsm": 0.8983609080314636,
  "candle_penalty_pgd": 0.026071522384881973,
  "vol_penalty_fgsm": 0.0,
  "vol_penalty_pgd": 0.0,
  "mean_abs_ret_shift_fgsm": 0.010981411673128605,
  "mean_abs_ret_shift_pgd": 0.003764882916584611,
  "mean_abs_body_shift_fgsm": 0.009679277427494526,
  "mean_abs_body_shift_pgd": 0.002812993945553899,
  "mean_abs_range_shift_fgsm": 0.004142656922340393,
  "mean_abs_range_shift_pgd": 0.00271235522814095,
  "mean_abs_dlogvol_shift_fgsm": 0.021110592409968376,
  "mean_abs_dlogvol_shift_pgd": 0.02004251815378666,
  "physical_constraints_satisfied_fgsm": true,
  "physical_constraints_satisfied_pgd": true,
  "strict_attack_success_fgsm": false,
  "strict_attack_success_pgd": true,
  "fgsm_usage": {
    "price_ratio_mean": 0.4362322688102722,
    "price_ratio_max": 1.000005841255188,
    "volume_ratio_mean": 1.0,
    "volume_ratio_max": 1.0000029802322388
  },
  "pgd_usage": {
    "price_ratio_mean": 0.24531693756580353,
    "price_ratio_max": 1.0000056028366089,
    "volume_ratio_mean": 0.8807617425918579,
    "volume_ratio_max": 1.0000029802322388
  }
}