{
  "model_name": "tcn",
  "config_path": "/home/chainsmoker/qlib_test/.worktrees/multi-model-whitebox-attack/origin_model_pred/TCN/model/model_config.json",
  "state_dict_path": "/home/chainsmoker/qlib_test/origin_model_pred/TCN/model/tcn_state_dict.pt",
  "asset_dir": "/home/chainsmoker/qlib_test/.worktrees/multi-model-whitebox-attack/artifacts/tcn_probe_assets",
  "sample_count": 62,
  "price_epsilon": 0.01,
  "volume_epsilon": 0.02,
  "price_floor": 1e-06,
  "volume_floor": 1.0,
  "pgd_steps": 5,
  "pgd_step_size": 0.25,
  "clean_gate": {
    "clean_loss": 0.019327344372868538,
    "clean_grad_mean_abs": 3.5384200600674376e-05,
    "clean_grad_max_abs": 0.00921501312404871,
    "clean_grad_finite_rate": 1.0,
    "feature_finite_rate": 1.0,
    "clean_pred_mean": -0.048096150159835815,
    "clean_pred_std": 0.12340392172336578,
    "reference_score_mean": -0.05306713655591011,
    "reference_score_std": 0.12534618377685547,
    "spearman_to_reference": 0.9941577900329884,
    "feature_mae_to_reference": 0.034922510385513306,
    "feature_rmse_to_reference": 0.09917979687452316,
    "feature_max_abs_to_reference": 0.6099975109100342
  },
  "clean_gate_thresholds": {
    "min_clean_grad_mean_abs": 1e-06,
    "min_spearman_to_reference": 0.09,
    "max_feature_mae_to_reference": 0.05,
    "max_feature_rmse_to_reference": 0.12,
    "max_feature_max_abs_to_reference": 0.7
  },
  "clean_loss": 0.019327344372868538,
  "fgsm_loss": 0.05333467945456505,
  "pgd_loss": 0.12003704905509949,
  "fgsm_usage": {
    "price_ratio_mean": 0.4330645799636841,
    "price_ratio_max": 1.000005841255188,
    "volume_ratio_mean": 0.9949596524238586,
    "volume_ratio_max": 1.0000029802322388
  },
  "pgd_usage": {
    "price_ratio_mean": 0.2689264118671417,
    "price_ratio_max": 1.000005841255188,
    "volume_ratio_mean": 0.735584557056427,
    "volume_ratio_max": 1.0000029802322388
  }
}