,annualized_excess_return_with_cost,annualized_excess_return_without_cost,ic_mean,icir,information_ratio_with_cost,information_ratio_without_cost,max_drawdown_with_cost,max_drawdown_without_cost,rank_ic_mean,rank_icir
reference_clean,0.3558367573201775,0.404298077072952,0.031557804056617685,0.26989871960051337,2.6534604663776977,3.01443962104515,-0.06930818385370124,-0.05866816371248712,0.0753396735420719,0.5812465221029594
partial_clean,0.3739082470694016,0.4223913018544937,0.0315395380440671,0.2695628152931211,2.79169693021167,3.1534830342190876,-0.0554280683255573,-0.05078286143254124,0.07535117622179344,0.5811869846366777
partial_fgsm,0.3193130640304159,0.36760885594230225,0.01578067413374378,0.1451152937648994,2.3687560488582537,2.726853377485311,-0.09735667724121583,-0.08993594609222777,0.06372508166665432,0.5008277227198824
partial_pgd,0.2250271813171564,0.2731048611816373,0.015795638121544366,0.14564145355813032,1.7096139486605224,2.0746514087911527,-0.12363185214188327,-0.11636345150928445,0.06398626174132,0.5020334929945881
partial_clean_minus_reference_clean,0.018071489749224123,0.018093224781541684,-1.8266012550581523e-05,-0.0003359043073922763,0.13823646383397215,0.13904341317393776,0.013880115528143944,0.007885302279945883,1.150267972153951e-05,-5.953746628162282e-05
partial_fgsm_minus_partial_clean,-0.054595183038985695,-0.054782445912191446,-0.01575886391032332,-0.1244475215282217,-0.4229408813534161,-0.4266296567337764,-0.04192860891565853,-0.03915308465968653,-0.011626094555139119,-0.08035926191679532
partial_pgd_minus_partial_clean,-0.14888106575224522,-0.1492864406728564,-0.015743899922522737,-0.12392136173499077,-1.0820829815511475,-1.0788316254279349,-0.06820378381632597,-0.06558059007674322,-0.011364914480473443,-0.07915349164208962
