{
  "num_samples": 497,
  "constraint_mode": "none",
  "clean_gate": {
    "clean_loss": 0.011870250105857849,
    "clean_grad_mean_abs": 2.8441611448215554e-06,
    "clean_grad_max_abs": 0.0035567637532949448,
    "clean_grad_finite_rate": 1.0,
    "feature_finite_rate": 1.0,
    "clean_pred_mean": 0.022357281297445297,
    "clean_pred_std": 0.10174353420734406,
    "reference_score_mean": 0.02535361796617508,
    "reference_score_std": 0.09550097584724426,
    "spearman_to_reference": 0.9960255117959996,
    "feature_mae_to_reference": 0.03524453938007355,
    "feature_rmse_to_reference": 0.09982132166624069,
    "feature_max_abs_to_reference": 0.6124944686889648
  },
  "clean_gate_thresholds": {
    "min_clean_grad_mean_abs": 1e-06,
    "min_spearman_to_reference": 0.09,
    "max_feature_mae_to_reference": 0.05,
    "max_feature_rmse_to_reference": 0.12,
    "max_feature_max_abs_to_reference": 0.7
  },
  "clean_loss": 0.011870250105857849,
  "fgsm_loss": 0.12150761485099792,
  "pgd_loss": 0.24905380606651306,
  "objective_clean": 0.011870250105857849,
  "objective_fgsm": 0.12150761485099792,
  "objective_pgd": 0.24905380606651306,
  "fgsm_adv_success": true,
  "pgd_adv_success": true,
  "fgsm_mean_abs_pred_shift": 0.22654332220554352,
  "pgd_mean_abs_pred_shift": 0.3733011484146118,
  "ret_penalty_fgsm": 0.0,
  "ret_penalty_pgd": 0.0,
  "candle_penalty_fgsm": 0.0,
  "candle_penalty_pgd": 0.0,
  "vol_penalty_fgsm": 0.0,
  "vol_penalty_pgd": 0.0,
  "mean_abs_ret_shift_fgsm": 0.010900228284299374,
  "mean_abs_ret_shift_pgd": 0.009358099661767483,
  "mean_abs_body_shift_fgsm": 0.009735398925840855,
  "mean_abs_body_shift_pgd": 0.007771686650812626,
  "mean_abs_range_shift_fgsm": 0.003326435573399067,
  "mean_abs_range_shift_pgd": 0.003237489378079772,
  "mean_abs_dlogvol_shift_fgsm": 0.02033143863081932,
  "mean_abs_dlogvol_shift_pgd": 0.018692493438720703,
  "physical_constraints_satisfied_fgsm": false,
  "physical_constraints_satisfied_pgd": false,
  "strict_attack_success_fgsm": false,
  "strict_attack_success_pgd": false,
  "fgsm_usage": {
    "price_ratio_mean": 0.4311556816101074,
    "price_ratio_max": 1.000005841255188,
    "volume_ratio_mean": 0.9999496936798096,
    "volume_ratio_max": 1.0000029802322388
  },
  "pgd_usage": {
    "price_ratio_mean": 0.3329838514328003,
    "price_ratio_max": 1.000005841255188,
    "volume_ratio_mean": 0.7892919778823853,
    "volume_ratio_max": 1.0000029802322388
  }
}