,annualized_excess_return_with_cost,annualized_excess_return_without_cost,ic_mean,icir,information_ratio_with_cost,information_ratio_without_cost,max_drawdown_with_cost,max_drawdown_without_cost,rank_ic_mean,rank_icir
reference_clean,0.1723255525541322,0.21983933443939838,0.03230501357020723,0.29329409033612625,1.3858146303314276,1.7661565009512874,-0.09241775031847635,-0.08431356887702923,0.07140255290169284,0.5522314269806556
partial_clean,0.1723255525541322,0.21983933443939838,0.03230501357020723,0.29329409033612625,1.3858146303314276,1.7661565009512874,-0.09241775031847635,-0.08431356887702923,0.07140255290169284,0.5522314269806556
partial_fgsm,0.1723255525541322,0.21983933443939838,0.03230501357020723,0.29329409033612625,1.3858146303314276,1.7661565009512874,-0.09241775031847635,-0.08431356887702923,0.07140255290169284,0.5522314269806556
partial_pgd,0.1723255525541322,0.21983933443939838,0.03230501357020723,0.29329409033612625,1.3858146303314276,1.7661565009512874,-0.09241775031847635,-0.08431356887702923,0.07140255290169284,0.5522314269806556
partial_clean_minus_reference_clean,0.0,0.0,0.0,0.0,0.0,0.0,0.0,0.0,0.0,0.0
partial_fgsm_minus_partial_clean,0.0,0.0,0.0,0.0,0.0,0.0,0.0,0.0,0.0,0.0
partial_pgd_minus_partial_clean,0.0,0.0,0.0,0.0,0.0,0.0,0.0,0.0,0.0,0.0
